,sa_company_name,f_score
0,A D S DIAGNOSTIC LTD.,2
1,APEEJAY TEA LTD. [MERGED],1
2,A I A ENGINEERING LTD.,2
3,A M I COMPUTERS (I) LTD.,2
4,ANIL SPECIAL STEEL INDS. LTD.,2
5,A T V PROJECTS INDIA LTD.,1
6,AAKAR ENGINEERING & MFG. CO. LTD.,2
7,JAINEX AAMCOL LTD.,2
8,AARTI DRUGS LTD.,2
9,ABACUS COMPUTERS LTD.,1
10,ADANI ENTERPRISES LTD.,2
11,ADARSH CHEMICALS & FERTILISERS LTD.,2
12,ADHUNIK SYNTHETICS LTD.,2
13,ADHUNIK YARNS LTD.,2
14,ARIS INTERNATIONAL LTD.,2
15,AGRI-MARINE EXPORTS LTD.,1
16,AHLUWALIA CONTRACTS (INDIA) LTD.,2
17,AHMEDABAD STEELCRAFT LTD.,1
18,AHURA WELDING ELECTRODE MFRS. LTD.,1
19,AJWA FUN WORLD & RESORT LTD.,1
20,AKASH AGRO INDS. LTD.,2
21,HUBTOWN LTD.,2
22,ALCHEMIE ORGANICS LTD. [MERGED],2
23,ALCOBEX METALS LTD.,1
24,ALKA INDIA LTD.,2
25,ALKYL AMINES CHEMICALS LTD.,2
26,ALPHA DRUG INDIA LTD. [MERGED],1
27,AMAR REMEDIES LTD.,1
28,AMBALAL SARABHAI ENTERPRISES LTD.,2
29,AMRUTANJAN HEALTH CARE LTD.,2
30,RAJENDRA CATERERS & CONFECTIONERS LTD.,2
31,ANDREW YULE & CO. LTD.,1
32,SHREE BHAVYA FABRICS LTD.,2
33,ANKA INDIA LTD.,2
34,ANTARCTICA LTD.,2
35,ANUH PHARMA LTD.,2
36,ANUP MALLEABLES LTD.,2
37,ANUPAMA STEEL LTD.,2
38,NEO INFRACON LTD.,2
39,APCOTEX INDUSTRIES LTD.,2
40,APOLLO TYRES LTD.,2
41,ARCHIES LTD.,2
42,ARLEM BREWERIES LTD. [MERGED],1
43,ARTSON ENGINEERING LTD.,2
44,ARUNODAY MILLS LTD.,2
45,GUJARAT METALLIC COAL & COKE LTD.,2
46,ARVIND INTERNATIONAL LTD.,2
47,ASHNOOR TEXTILE MILLS LTD.,2
48,KUMAKA INDUSTRIES LTD.,2
49,ASIAN BEARING LTD.,2
50,ASIAN ELECTRONICS LTD.,2
51,ASIAN HOTELS (NORTH) LTD.,2
52,ASPINWALL & CO. LTD.,2
53,ASSAM COMPANY INDIA LTD.,2
54,ATLAS CYCLES (HARYANA) LTD.,2
55,ATUL AUTO LTD.,2
56,AUROMED LTD.,2
57,AUSTIN ENGINEERING CO. LTD.,2
58,T V S AUTOLEC LTD. [MERGED],2
59,AVANTEL LTD.,2
60,AXEL POLYMERS LTD.,2
61,B I T S LTD.,2
62,B P L ENGINEERING LTD.,2
63,RELIANCE INFRASTRUCTURE LTD.,2
64,BAJAJ HOLDINGS & INVST. LTD.,2
65,BALA TECHNO INDS. LTD.,2
66,BALAJI DISTILLERIES LTD. [MERGED],2
67,BALAJI INDUSTRIAL CORPN. LTD.,1
68,INDIAN MARINE FREIGHT CONTAINER MFG. LTD.,1
69,BANNARI AMMAN SUGARS LTD.,2
70,BANSWARA TEXTILE MILLS LTD. [MERGED],2
71,BEDMUTHA INDUSTRIES LTD.,2
72,BEEYU OVERSEAS LTD.,2
73,BEMCO HYDRAULICS LTD.,2
74,BEST & CROMPTON ENGG. LTD.,2
75,BHAGWATI AUTOCAST LTD.,2
76,BHAGYANAGAR INDIA LTD.,2
77,SRI K P R INDUSTRIES LTD.,2
78,BHARAT HEAVY ELECTRICALS LTD.,2
79,BHARAT TEXTILES & PROOFING INDS. LTD.,1
80,BHARATI DEFENCE & INFRASTRUCTURE LTD.,2
81,BHARATPUR NUTRITIONAL PRODUCTS LTD.,1
82,BHASKAR AGROCHEMICALS LTD.,2
83,BHILAI ENGINEERING CORPN. LTD.,2
84,BHUWALKA STEEL INDS. LTD.,2
85,ADITYA BIRLA CHEMICALS (INDIA) LTD. [MERGED],2
86,BILATI (ORISSA) LTD.,2
87,BINNY LTD.,2
88,BIOFIL CHEMICALS & PHARMACEUTICALS LTD.,1
89,DIGJAM LTD. [MERGED],2
90,BLOOM DEKOR LTD.,2
91,BLOOM INDUSTRIES LTD.,1
92,BOBSHELL ELECTRODES LTD.,1
93,BOMBAY DYEING & MFG. CO. LTD.,2
94,BOMBAY PAINTS LTD. [MERGED],2
95,BONGAIGAON REFINERY & PETROCHEMICALS LTD. [MERGED],2
96,BRADY & MORRIS ENGG. CO. LTD.,2
97,BRIGHT BROTHERS LTD.,2
98,BRITANNIA INDUSTRIES LTD.,2
99,BRITELITE CARBONS LTD.,1
100,C R C CARRIER LTD.,1
101,C T R MANUFACTURING INDS. LTD.,2
102,CALCOM VISION LTD.,1
103,KOKUYO CAMLIN LTD.,2
104,CANA GLASS LTD.,2
105,CARNATION INDUSTRIES LTD.,2
106,CARRIER AIRCON LTD. [MERGED],2
107,CENTURY PLYBOARDS (INDIA) LTD.,2
108,CEREBRA INTEGRATED TECHNOLOGIES LTD.,2
109,CHANDNI TEXTILES ENGG. INDS. LTD.,2
110,CHASE BRIGHT STEEL LTD.,2
111,CHESLIND TEXTILES LTD. [MERGED],2
112,CHETAK SPINTEX LTD.,2
113,CHETTINAD CEMENT CORPN. PVT. LTD.,2
114,CHORDIA FOOD PRODUCTS LTD.,2
115,CHROMATIC INDIA LTD.,2
116,CIMMCO LTD.,2
117,CINEVISTA LTD.,1
118,CITYMAN LTD.,2
119,CLASSIC BIOTECH & EXPORTS LTD.,2
120,CLUTCH AUTO LTD.,1
121,COAL INDIA LTD.,1
122,COCHIN MINERALS & RUTILE LTD.,2
123,COMPUDYNE WINFOSYSTEMS LTD.,1
124,COMPUTER POINT LTD.,2
125,CONTINENTAL CHEMICALS LTD.,2
126,CONTINENTAL PETROLEUMS LTD.,2
127,YOGI HEALTHCARE LTD.,2
128,CORPORATE COURIER & CARGO LTD.,1
129,CYBER MEDIA (INDIA) LTD.,2
130,CYBERMATE INFOTEK LTD.,2
131,CYBERTECH SYSTEMS & SOFTWARE LTD.,2
132,DAEWOO MOTORS INDIA LTD.,2
133,DAI-ICHI KARKARIA LTD.,2
134,DATAMATICS GLOBAL SERVICES LTD.,1
135,DATAR SWITCHGEAR LTD.,2
136,DEEPHARMA LTD.,2
137,DEEP INDUSTRIES LTD.,2
138,DELIGHT HANDICRAFTS PALACE LTD.,1
139,DELTA POLYSTERS LTD.,2
140,DELTON CABLES LTD.,2
141,DEWAN STEELS LTD.,2
142,DEWAN TYRES LTD.,2
143,DHANLAXMI FABRICS LTD.,2
144,DHANUKA AGRITECH LTD.,2
145,DHARMADEEP POWERDIVE INDS. LTD.,2
146,DHOOT INDUSTRIAL FINANCE LTD.,2
147,DHRUV ESTATES LTD.,1
148,DIGIFLEX (INDIA) LTD.,2
149,INDIA POWER CORPN. LTD.,1
150,DOLPHIN LABORATORIES LTD. [MERGED],2
151,DOLPHIN MEDICAL SERVICES LTD.,2
152,FERMENTA BIOTECH LTD.,2
153,DUPONT SPORTSWEAR LTD.,2
154,DWARIKESH SUGAR INDS. LTD.,2
155,DYNACONS SYSTEMS & SOLUTIONS LTD.,2
156,EASUN REYROLLE LTD.,2
157,EICHER LTD. [MERGED],2
158,CRANES SOFTWARE INTL. LTD.,2
159,ELDECO HOUSING & INDS. LTD.,2
160,ELDER PHARMACEUTICALS LTD.,2
161,ELEGANT FLORICULTURE & AGROTECH (INDIA) LTD.,2
162,EMAMI LTD.,2
163,EMMSONS INTERNATIONAL LTD.,2
164,EMPEE SUGARS & CHEMICALS LTD.,1
165,EMPIRE INDUSTRIES LTD.,2
166,PRABHAV INDUSTRIES LTD.,1
167,EMTEX INDUSTRIES (INDIA) LTD.,2
168,ENKAY TEXOFOOD INDS. LTD.,2
169,E S L INDUSTRIES LTD.,1
170,ESKAY K'N'IT (INDIA) LTD.,1
171,ESQUIRE ENGINEERS & CONSULTANTS LTD.,1
172,EUPHARMA LABORATORIES LTD.,2
173,EVERLON SYNTHETICS LTD.,2
174,APIS INDIA LTD.,2
175,EXIDE INDUSTRIES LTD.,2
176,CENTERAC TECHNOLOGIES LTD.,1
177,F A L INDUSTRIES LTD. [MERGED],2
178,FEDDERS ELECTRIC & ENGG. LTD.,2
179,FILATEX INDIA LTD.,2
180,FINE DRUGS & CHEMICALS LTD. [MERGED],2
181,GENESIS I B R C INDIA LTD.,1
182,FINOLEX INDUSTRIES LTD.,2
183,FISCHER CHEMIC LTD.,1
184,GOLD EARTH BIOTECH LTD.,2
185,FOUNDRY FUEL PRODUCTS LTD.,2
186,XTGLOBAL INFOTECH LTD.,1
187,FUSION FITTINGS (I) LTD.,2
188,VALUEMART INFO TECHNOLOGIES LTD.,2
189,G E E LTD.,2
190,G G AUTOMOTIVE GEARS LTD.,2
191,G G DANDEKAR MACHINE WORKS LTD.,2
192,G K B OPHTHALMICS LTD.,2
193,G K W LTD.,1
194,G M BREWERIES LTD.,2
195,PARRYS SUGAR INDS. LTD. [MERGED],2
196,DELTA MANUFACTURING LTD.,2
197,G S L (INDIA) LTD.,1
198,GALADA POWER & TELECOMMUNICATION LTD.,2
199,GALAXY SURFACTANTS LTD.,2
200,GANESH BENZOPLAST LTD.,2
201,GAYATRI TISSUE & PAPERS LTD.,1
202,GEMINI COMMUNICATION LTD.,2
203,WILLIAMSON TEA ASSAM LTD. [MERGED],2
204,GERMAN GARDENS LTD.,2
205,GLENMARK PHARMACEUTICALS LTD.,2
206,METROGLOBAL LTD.,2
207,GLOBAL KNITFAB LTD.,2
208,GLOSTER LTD. [MERGED],1
209,GODAVARI FERTILISERS & CHEMICALS LTD. [MERGED],2
210,GODREJ PROPERTIES LTD.,2
211,GOLDIAM INTERNATIONAL LTD.,2
212,GOLDSTONE TECHNOLOGIES LTD.,1
213,GOLKONDA ENGINEERING ENTERPRISES LTD.,2
214,GOOD VALUE MKTG. CO. LTD.,1
215,GORANI INDUSTRIES LTD.,2
216,GOTHI PLASCON (INDIA) LTD.,2
217,RISA INTERNATIONAL LTD.,2
218,GRAPHIC CHARTS LTD.,2
219,GROB TEA CO. LTD.,1
220,AMBUJA CEMENTS LTD.,2
221,GUJARAT APOLLO INDS. LTD.,2
222,GUJARAT BOROSIL LTD. [MERGED],2
223,PIRAMAL GLASS PVT. LTD.,2
224,GUJARAT PETROSYNTHESE LTD.,2
225,GUJARAT SIDHEE CEMENT LTD.,1
226,GUJARAT TOOLROOM LTD.,2
227,ASEEM GLOBAL LTD.,2
228,GYAN LEATHERBOARD LTD.,1
229,UNIVERSAL OFFICE AUTOMATION LTD.,2
230,H P M INDUSTRIES LTD.,1
231,HANSAFLON PLASTO CHEM LTD.,2
232,HANUMAN TEA CO. LTD.,2
233,LE WATERINA RESORTS & HOTELS LTD.,2
234,HARRISONS MALAYALAM LTD.,2
235,HARSHVARDHAN CHEMICALS & MINERALS LTD.,2
236,HATIGOR TEA ESTATES LTD.,2
237,HEMADRI CEMENTS LTD.,2
238,UNIMERS INDIA LTD.,2
239,HI-TECH PIPES LTD.,1
240,HIGHLAND INDUSTRIES LTD.,1
241,HINDUSTAN AGRIGENETICS LTD.,2
242,HINDUSTAN COMPOSITES LTD.,2
243,HINDUSTAN HARDY LTD.,1
244,HUBERGROUP INDIA PVT. LTD.,2
245,HITECH DRILLING SERVICES INDIA LTD. [MERGED],2
246,HITEK INDUSTRIES LTD.,2
247,H L V LTD.,2
248,HOTEL RUGBY LTD.,2
249,FLEXTRONICS SOFTWARE SYSTEMS LTD. [MERGED],2
250,KINGFA SCIENCE & TECHNOLOGY (INDIA) LTD.,2
251,I B INFOTECH ENTERPRISES LTD.,1
252,3I INFOTECH LTD.,2
253,I E C EDUCATION LTD.,2
254,N M S RESOURCES GLOBAL LTD.,1
255,I S P L INDUSTRIES LTD.,2
256,I T I LTD.,2
257,I T L INDUSTRIES LTD.,2
258,I V R C L LTD.,2
259,ICCON OIL & SPECIALITIES LTD.,1
260,INDAG RUBBER LTD.,2
261,INDIA CEMENTS LTD.,2
262,INDIA MOTOR PARTS & ACCESSORIES LTD.,2
263,INDIA RUBBER LTD.,2
264,I E L LTD.,2
265,INDIAN FOOD FERMENTATIONS LTD.,2
266,INDIAN SEAMLESS METAL TUBES (KALYANI SEAMLESS TUBES) LTD. [MERGED],2
267,INDO AQUATICS LTD.,1
268,INDO GULF INDS. LTD.,2
269,INDO VANILLON CHEMICALS LTD.,1
270,INDO-ASIAN FOODS & COMMODITIES LTD.,2
271,INDO-FRENCH BIOTECH ENTERPRISES LTD.,1
272,INDOCO REMEDIES LTD.,2
273,INDUS NETWORKS LTD.,1
274,INFORMATION TECHNOLOGIES (INDIA) LTD.,2
275,CYIENT LTD.,2
276,INNOVATIVE TECH PACK LTD.,2
277,INTECON (INDIA) LTD.,2
278,INTEGRA SWITCHGEAR LTD.,2
279,INTEGRATED HITECH LTD.,2
280,YUVRAAJ HYGIENE PRODUCTS LTD.,2
281,INTERLINK PETROLEUM LTD.,2
282,ION EXCHANGE (INDIA) LTD.,2
283,BALASORE ALLOYS LTD.,2
284,ISPAT PROFILES INDIA LTD.,2
285,IYKOT HITECH TOOLROOM LTD.,2
286,J K INVESTO TRADE (INDIA) LTD.,2
287,J M P CASTINGS LTD.,2
288,J S L INDUSTRIES LTD.,2
289,JAIN STUDIOS LTD.,2
290,JAINCO PROJECTS (INDIA) LTD.,2
291,J D ORGOCHEM LTD.,2
292,JEET MACHINE TOOLS LTD.,2
293,JET AIRWAYS (INDIA) LTD.,2
294,JINDAL DRUGS PVT. LTD.,2
295,JOLLY PLASTIC INDS. LTD.,2
296,K C TEXTILES LTD.,2
297,SUMMIT SECURITIES LTD. [MERGED],2
298,KIRLOSKAR PNEUMATIC CO. LTD.,2
299,K R M INTERNATIONAL LTD.,2
300,K S L & INDUSTRIES LTD.,2
301,KABSONS INDUSTRIES LTD.,2
302,KAISER CORPORATION LTD.,2
303,KAJARIA CERAMICS LTD.,2
304,KAKATIYA TEXTILES LTD.,2
305,ACCELYA SOLUTIONS INDIA LTD.,2
306,KAMDHENU LTD.,2
307,KANORIA DYECHEM LTD.,2
308,MANOR ESTATES & INDS. LTD.,2
309,KAY POWER & PAPER LTD.,2
310,KAYTEE COTSYNTH INDS. LTD.,1
311,KERNEX MICROSYSTEMS (INDIA) LTD.,2
312,TULIVE DEVELOPERS LTD.,1
313,VELOX INDUSTRIES LTD.,2
314,KILBURN CHEMICALS LTD.,2
315,KOLUTHARA EXPORTS LTD.,2
316,KONARK SYNTHETIC LTD.,2
317,K C C L PLASTIC LTD.,2
318,KOTAK MAHINDRA BANK LTD.,2
319,KOVILPATTI LAKSHMI ROLLER FLOUR MILLS LTD.,2
320,KRISHNA ENGINEERING WORKS LTD.,2
321,KRISHNA FILAMENT INDS. LTD.,1
322,KUWER INDUSTRIES LTD.,2
323,VERTICAL INDUSTRIES LTD.,2
324,LAKSHMI AUTOMATIC LOOM WORKS LTD.,2
325,LANCO INFRATECH LTD.,2
326,LANYARD FOODS LTD.,2
327,LEHAR FOOTWEARS LTD.,1
328,LEE & NEE SOFTWARES (EXPORTS) LTD.,2
329,LIME CHEMICALS LTD.,2
330,LINCOLN PHARMACEUTICALS LTD.,2
331,LINKSON INTERNATIONAL LTD.,2
332,LLOYD ROCKFIBRES LTD.,1
333,LLOYDS METALS & ENERGY LTD.,1
334,LONGVIEW TEA CO. LTD.,2
335,LOTUS CHOCOLATE CO. LTD.,2
336,LOVABLE LINGERIE LTD.,1
337,LUMAX INDUSTRIES LTD.,2
338,M R F LTD.,2
339,M S L INDUSTRIES LTD.,1
340,M T Z INDUSTRIES LTD.,1
341,MAC CHARLES (INDIA) LTD.,2
342,MADHAV MARBLES & GRANITES LTD.,2
343,MADURA COATS PVT. LTD.,2
344,MAHARASHTRA SCOOTERS LTD.,2
345,MAHINDRA & MAHINDRA LTD.,1
346,MAJESTIC INDUSTRIES LTD.,2
347,MALVICA ENGINEERING LTD.,1
348,MALVIKA STEEL LTD.,1
349,MANGALORE REFINERY & PETROCHEMICALS LTD.,2
350,MANJEERA CONSTRUCTIONS LTD.,2
351,MARDIA CHEMICALS LTD.,2
352,MARUTI INFRASTRUCTURE LTD.,2
353,MARUTI SUZUKI INDIA LTD.,2
354,MARVEL INDUSTRIES LTD.,2
355,MASTEK LTD.,2
356,MAX FINANCIAL SERVICES LTD.,2
357,I L & F S ENGG. & CONSTRUCTION CO. LTD.,1
358,MAYUR FLOORINGS LTD.,2
359,MAYUR LEATHER PRODUCTS LTD.,2
360,MEDICORP TECHNOLOGIES INDIA LTD. [MERGED],2
361,MEDINOVA DIAGNOSTIC SERVICES LTD.,2
362,MEHTA RUBBER CHEMICALS LTD.,2
363,MELSTAR INFORMATION TECHNOLOGIES LTD.,2
364,MELTRON SEMICONDUCTORS LTD.,1
365,M P L PLASTICS LTD.,2
366,MIRCH TECHNOLOGIES (INDIA) LTD.,1
367,MISHRA DHATU NIGAM LTD.,2
368,MODERN DENIM LTD.,2
369,MODERN INDIA LTD.,2
370,MODERN TERRY TOWELS LTD. [MERGED],2
371,MODERN THREADS (INDIA) LTD.,2
372,MONALISA INFOTECH LTD.,2
373,MONICA ELECTRONICS LTD.,2
374,MOUNT SHIVALIK INDS. LTD.,2
375,MOVILEX IRRIGATION LTD.,2
376,BOMBAY RAYON FASHIONS LTD.,2
377,MUKAND LTD.,1
378,MYSORE PETRO CHEMICALS LTD.,2
379,N B FOOTWEAR LTD.,1
380,NAGARJUNA AGRI TECH LTD.,2
381,NAINA SEMICONDUCTORS LTD.,2
382,NAKODA LTD.,2
383,NARMADA MACPLAST DRIP IRRIGATION SYSTEMS LTD.,2
384,N B C C (INDIA) LTD.,1
385,NATIONAL GENERAL INDS. LTD.,2
386,NAVCOM INDUSTRIES LTD.,2
387,NELCAST LTD.,1
388,NELCO LTD.,2
389,NEOGEM INDIA LTD.,1
390,NESCO LTD.,2
391,NEYCER INDIA LTD.,2
392,NICCO PARKS & RESORTS LTD.,2
393,NICCO UCO ALLIANCE CREDIT LTD.,2
394,NILACHAL REFRACTORIES LTD.,2
395,NIRMA LTD.,2
396,NITIN FIRE PROTECTION INDS. LTD.,2
397,G S L NOVA PETROCHEMICALS LTD.,2
398,SPISYS LTD.,2
399,A A R V INFRATEL LTD.,1
400,OIL COUNTRY TUBULAR LTD.,2
401,OMAXE LTD.,1
402,OMNI DYE-CHEM EXPORTS LTD.,2
403,ONWARD TECHNOLOGIES LTD.,2
404,OPTEL TELECOMMUNICATIONS LTD.,2
405,ORCHID PHARMA LTD.,2
406,SAIANAND COMMERCIAL LTD.,2
407,ORIENTAL CARBON & CHEMICALS LTD.,1
408,ORIQUA LTD.,1
409,OSWAL GREENTECH LTD.,2
410,OSWAL YARNS LTD.,2
411,OTOKLIN PLANTS & EQUIPMENTS LTD.,2
412,OUDH SUGAR MILLS LTD. [MERGED],2
413,OPAL INDUSTRIES LTD.,1
414,ONE GLOBAL SERVICE PROVIDER LTD.,2
415,P G FOILS LTD.,2
416,KORE FOODS LTD.,2
417,P I INDUSTRIES LTD.,2
418,8K MILES SOFTWARE SERVICES LTD.,1
419,P T C INDUSTRIES LTD.,1
420,PACKTECH INDUSTRIES LTD.,2
421,PANACEA BIOTEC LTD.,2
422,P I L INDUSTRIES LTD. [MERGED],2
423,FUTURE ENTERPRISES LTD.,2
424,PANYAM CEMENTS & MINERAL INDS. LTD.,1
425,GLODYNE TECHNOSERVE LTD.,2
426,PARKER AGROCHEM EXPORTS LTD.,2
427,MURUGAPPA HOLDINGS LTD. [MERGED],2
428,PARTAP RAJASTHAN SPECIAL STEELS LTD.,2
429,PASUPATI TECHNOFAB LTD.,1
430,PATEL ENGINEERING LTD.,2
431,P I L ITALICA LIFESTYLE LTD.,2
432,PALCO LTD.,1
433,PENNAR INDUSTRIES LTD.,2
434,PENTAFOUR SOLEC TECHNOLOGY LTD.,2
435,PENTAMEDIA GRAPHICS LTD.,2
436,P B GLOBAL LTD.,2
437,PHARMACEUTICAL PRODUCTS OF INDIA LTD. [MERGED],2
438,PHARMAIDS PHARMACEUTICALS LTD.,2
439,PICCADILY SUGAR & ALLIED INDS. LTD.,1
440,PIONEER ALLOY CASTINGS LTD.,2
441,PLETHICO PHARMACEUTICALS LTD.,2
442,POLAR MARMO AGGLOMERATES LTD.,1
443,POLO HOTELS LTD.,2
444,PRABHU STEEL INDS. LTD.,2
445,PRADEEP METALS LTD.,2
446,PRAJ INDUSTRIES LTD.,2
447,PRAJAY ENGINEERS SYNDICATE LTD.,2
448,PRAKASH SOLVENT EXTRACTIONS LTD.,2
449,PRAKASH WOOLLEN & SYNTHETIC MILLS LTD.,2
450,PRATIKSHA CHEMICALS LTD.,2
451,PRECISION CAMSHAFTS LTD.,2
452,ISTREET NETWORK LTD.,2
453,PRITISH NANDY COMMUNICATIONS LTD.,2
454,RAIN INDUSTRIES LTD.,2
455,PRIYADARSHINI FABS LTD.,2
456,TITAN INTECH LTD.,1
457,PROFESSIONAL DIAMONDS LTD.,1
458,PROGRESSIVE STEELS (INDIA) LTD.,1
459,PROTCHEM INDUSTRIES (INDIA) LTD.,2
460,3P LAND HOLDINGS LTD.,1
461,PULSAR INTERNATIONAL LTD.,2
462,RISHIROOP LTD.,2
463,PUNJ LLOYD LTD.,2
464,PUNJAB CHEMICALS & CROP PROTECTION LTD.,2
465,PUNJAB TRACTORS LTD. [MERGED],2
466,PUNJAB WOOLCOMBERS LTD.,2
467,PURAVANKARA LTD.,2
468,PURITY FLEX PACK LTD.,2
469,R C S VANASPATI INDS. LTD.,2
470,R L F LTD.,2
471,R M I STEELS LTD.,2
472,RAASHI FERTILIZERS LTD.,2
473,RADHIKA SPINNING MILLS LTD.,1
474,RADIANT ROTOGRAVURE LTD.,1
475,STRATMONT INDUSTRIES LTD.,2
476,RAJASTHAN PETRO SYNTHETICS LTD.,2
477,RALLIS INDIA LTD.,2
478,NUTRICIRCLE LTD.,2
479,RASHTRIYA CHEMICALS & FERTILIZERS LTD.,2
480,RASOI LTD.,2
481,RATHI BARS LTD.,2
482,RAVALGAON SUGAR FARM LTD.,2
483,REDEX PROTECH LTD.,2
484,REFNOL RESINS & CHEMICALS LTD.,2
485,RELAXO FOOTWEARS LTD.,2
486,RESTILE CERAMICS LTD.,2
487,REVATHI EQUIPMENT LTD.,2
488,RIBA TEXTILES LTD.,2
489,RIDDHI SIDDHI GLUCO BIOLS LTD.,2
490,RISHIROOP RUBBER (INTERNATIONAL) LTD. [MERGED],2
491,ROLTA INDIA LTD.,2
492,ROOPA INDUSTRIES LTD.,2
493,ROPLAS (INDIA) LTD.,2
494,KRIPTOL INDUSTRIES LTD.,2
495,ROSSELL INDIA LTD.,2
496,ROTO PUMPS LTD.,1
497,ROYAL CUSHION VINYL PRODUCTS LTD.,1
498,RUPA & CO. LTD.,2
499,S & S POWER SWITCHGEAR LTD.,2
500,S I P INDUSTRIES LTD.,2
501,S K N INDUSTRIES LTD.,1
502,ARCOTECH LTD.,2
503,S M I F S CAPITAL MARKETS LTD.,1
504,S P L INDUSTRIES LTD. (DELHI),2
505,PAN INDIA CORPN. LTD.,1
506,S R H SYNTHETICS LTD.,1
507,JATALIA GLOBAL VENTURES LTD.,1
508,P V P VENTURES LTD.,2
509,SAGAR SILK INDS. LTD. [MERGED],2
510,SAGARSOFT (INDIA) LTD.,2
511,SAINIK FINANCE & INDS. LTD.,1
512,SAMTEL INDIA LTD.,2
513,SAND PLAST (INDIA) LTD.,2
514,SANGAM ALUMINIUM LTD.,2
515,SANGAM HEALTH CARE PRODUCTS LTD.,2
516,SANGHI INDUSTRIES LTD.,2
517,SANJIVANI AGRO INDS. LTD.,1
518,SANKHYA INFOTECH LTD.,2
519,SANRHEA TECHNICAL TEXTILES LTD.,2
520,JAYATMA INDUSTRIES LTD.,2
521,SANTOSH FINE-FAB LTD.,2
522,SANWARIA CONSUMER LTD.,2
523,SARANG CHEMICALS LTD.,2
524,SARITA SYNTHETICS & INDS. LTD.,2
525,SARUP INDUSTRIES LTD.,2
526,SARVOTTAM INDUSTRIES LTD.,1
527,SATGURU AGRO INDS. LTD.,1
528,SAVITA OIL TECHNOLOGIES LTD.,2
529,SCAN ORGANICS LTD.,1
530,DUNCAN ENGINEERING LTD.,2
531,SCINDIA STEAM NAVIGATION CO. LTD.,2
532,SCOOTERS INDIA LTD.,2
533,HINDUSTAN MEDIA VENTURES LTD.,2
534,SERVOTEACH INDUSTRIES LTD.,1
535,SHAH ALLOYS LTD.,2
536,SHAKTI PUMPS (INDIA) LTD.,2
537,SHALIN HOTELS LTD.,2
538,SHARAD FIBRES & YARN PROCESSORS LTD.,2
539,SHEETAL DIAMONDS LTD.,2
540,SHERVANI INDUSTRIAL SYNDICATE LTD.,2
541,SHIVA SUITINGS LTD.,2
542,S T L GLOBAL LTD.,2
543,SHREE CEMENT LTD.,2
544,SHREE HARI CHEMICALS EXPORT LTD.,2
545,SHREE JAGDAMBE PAPER MILLS LTD.,2
546,SHREE MANUFACTURING CO. LTD.,2
547,SHREE NARMADA ALUMINIUM INDS. LTD.,2
548,SHREE POMANI METALS & ALLOYS LTD.,2
549,SHREE STEEL WIRE ROPES LTD.,1
550,SHREE VALLABH GLASS WORKS LTD.,2
551,SHREE VINDHYA PAPER MILLS LTD.,1
552,SHRI SAINATH PROTEINS LTD.,2
553,SRI HAVISHA HOSPITALITY & INFRASTRUCTURE LTD.,2
554,NIMBUS FOODS INDS. LTD.,2
555,SIDDHESWARI GARMENTS LTD.,2
556,SIDDHI VINAYAK METAL CO. LTD.,2
557,SIGNET INDUSTRIES LTD.,1
558,SIMTOOLS PVT. LTD.,2
559,TYCHE INDUSTRIES LTD.,2
560,SKOL BREWERIES LTD. [MERGED],2
561,QUINTEGRA SOLUTIONS LTD.,2
562,S T G LIFECARE LTD.,2
563,SOLAR INDUSTRIES INDIA LTD.,2
564,SOLID STONE CO. LTD.,1
565,SOMA TEXTILES & INDS. LTD.,2
566,SOUNDCRAFT INDUSTRIES LTD.,2
567,SOUTHERN IRON & STEEL CO. LTD. [MERGED],2
568,SOUTHERN MAGNESIUM & CHEMICALS LTD.,2
569,SOWBHAGYA MEDIA LTD.,1
570,SPARTEK CERAMICS INDIA LTD.,1
571,SPECTRA INDUSTRIES LTD.,1
572,S R H H L INDUSTRIES LTD. [MERGED],2
573,SREE UMA PARAMESWARI MILLS LTD.,1
574,SRI ADHIKARI BROTHERS TELEVISION NETWORK LTD.,1
575,SRI GANAPATHY MILLS CO. LTD.,2
576,SRI VISHNU CEMENT LTD. [MERGED],2
577,STANDARD INDUSTRIES LTD.,2
578,STANDARD SURFACTANTS LTD.,2
579,STEEL STRIPS WHEELS LTD.,2
580,STELCO STRIPS LTD.,2
581,STERLING BIOTECH LTD.,2
582,STERLITE INDUSTRIES (INDIA) LTD. [MERGED],2
583,STILES INDIA LTD.,2
584,B S E LTD.,2
585,STOCKNET INTERNATIONAL LTD.,2
586,VARDHMAN CONCRETE LTD.,2
587,STRIDES PHARMA SCIENCE LTD.,2
588,SUBROS LTD.,2
589,SUN EARTH CERAMICS LTD.,2
590,SUNCITY SYNTHETICS LTD.,2
591,SUPER FORGINGS & STEELS LTD.,2
592,SUPERIOR AIR PRODUCTS LTD. [MERGED],1
593,S D F INDUSTRIES LTD.,2
594,SUPREME INDUSTRIES LTD.,2
595,SUPREME TEX MART LTD.,2
596,SURAJ INDUSTRIES LTD.,2
597,SURANA INDUSTRIES LTD.,2
598,SURYA INDUSTRIAL CORPN. LTD.,2
599,NECTAR LIFESCIENCES LTD.,2
600,SURYA PHARMACEUTICAL LTD.,2
601,SURYODAYA PLASTICS LTD.,2
602,SUVARNA APPAREL & FASHION EXPORTS LTD.,2
603,SWADESHI MILLS CO. LTD.,1
604,SWISSEN INTERSPACE LTD.,1
605,PRAVEG COMMUNICATIONS (INDIA) LTD.,2
606,SECURE EARTH TECHNOLOGIES LTD.,1
607,SYNTHIKO FOILS LTD.,1
608,T I L LTD.,2
609,T P I INDIA LTD.,1
610,T V S ELECTRONICS LTD. [MERGED],2
611,T V S ELECTRONICS LTD.,1
612,T V S SRICHAKRA LTD.,2
613,TAI INDUSTRIES LTD.,2
614,MANGAL CREDIT & FINCORP LTD.,2
615,TAMILNADU STEEL TUBES LTD.,2
616,TAPARIA TOOLS LTD.,2
617,TATA COFFEE LTD.,2
618,HONEYWELL AUTOMATION INDIA LTD.,2
619,TEAKTEX PROCESSING COMPLEX LTD.,2
620,TECHNOJET CONSULTANTS LTD.,1
621,TECIL CHEMICALS & HYDRO POWER LTD.,1
622,TELEVISION EIGHTEEN INDIA LTD.[MERGED],2
623,THAKKERS DEVELOPERS LTD.,2
624,THANA ELECTRIC SUPPLY CO. LTD.,1
625,TIMEX GROUP INDIA LTD.,2
626,TIRUPATI FOAM LTD.,1
627,TIRUPATI STARCH & CHEMICALS LTD.,2
628,TONIRA PHARMA LTD. [MERGED],2
629,MAGNA COLORS LTD.,2
630,TRADE-WINGS LTD.,2
631,TRANSGLOBE FOODS LTD.,2
632,STERLING INTERNATIONAL ENTERPRISES LTD.,2
633,TRIGYN TECHNOLOGIES LTD.,2
634,TRILLENIUM TECHNOLOGIES LTD.,1
635,CHOLAMANDALAM FINANCIAL HOLDINGS LTD.,2
636,TUDOR INDIA PVT. LTD.,1
637,TUTICORIN ALKALI CHEMICALS & FERTILISERS LTD.,2
638,ENSO SECUTRACK LTD.,1
639,TYROON TEA CO. LTD.,2
640,U B ENGINEERING LTD.,2
641,U G HOTELS & RESORTS LTD.,2
642,UGAR SUGAR WORKS LTD.,2
643,UMA MAHESWARI MILLS LTD.,1
644,UNI ABEX ALLOY PRODUCTS LTD.,2
645,HIGH STREET FILATEX LTD.,2
646,UNIPORT COMPUTERS LTD.,2
647,UNIQUE ESTATES DEVP. CO. LTD.,2
648,UNITED MOTORS (INDIA) PVT. LTD.,2
649,UNITED NILGIRI TEA ESTATES CO. LTD.,1
650,UNIPHOS ENTERPRISES LTD.,2
651,UNITED VAN DER HORST LTD.,2
652,ARISTOCRAT LUGGAGE LTD. [MERGED],2
653,UPPER GANGES SUGAR & INDS. LTD. [MERGED],2
654,UPTOWN TRADING & INVESTMENTS LTD.,1
655,USHA (INDIA) LTD.,2
656,USHA ISPAT LTD.,2
657,SIEMENS V D O AUTOMOTIVE LTD. [MERGED],1
658,V I P INDUSTRIES LTD.,2
659,V X L INSTRUMENTS LTD.,1
660,VADILAL DAIRY INTL. LTD.,2
661,VAKRANGEE LTD.,2
662,VALSON INDUSTRIES LTD.,2
663,IN HOUSE PRODUCTIONS LTD.,2
664,VARUN INDUSTRIES LTD.,2
665,VARUNA AGROPROTEINS LTD.,1
666,YASHRAJ CONTAINEURS LTD.,2
667,PRECISION CONTAINEURS LTD.,2
668,VENTRON POLYMERS LTD.,1
669,VICTORY GLASS & INDS. LTD.,2
670,VIDHI SPECIALTY FOOD INGREDIENTS LTD.,2
671,V S F PROJECTS LTD.,1
672,VIKRANT TYRES LTD. [MERGED],2
673,VIKSIT ENGINEERING LTD.,1
674,VINTAGE CARDS & CREATIONS LTD.,2
675,VIRAT INDUSTRIES LTD.,2
676,M P S INFOTECNICS LTD.,2
677,VISHAL CHAIRS LTD.,2
678,VISHAL EXPORTS OVERSEAS LTD.,1
679,VISHAL MALLEABLES LTD.,2
680,VISION ORGANICS LTD.,2
681,VISION CINEMAS LTD.,1
682,E D & TECH INTL. LTD.,2
683,VOLANT TEXTILE MILLS LTD.,1
684,VOLGA AIR TECHNICS LTD.,2
685,TERRUZZI FERCALX INDIA LTD.,2
686,WELCURE DRUGS & PHARMACEUTICALS LTD.,1
687,WELLMAN INCANDESCENT INDIA LTD.,2
688,WESTERN INDIA PLYWOODS LTD.,2
689,WESTON ELECTRONIKS LTD.,2
690,KENNAMETAL INDIA LTD.,2
691,WINSOME BREWERIES LTD.,2
692,WOOLWAYS (INDIA) LTD.,2
693,YANGIR PROPERTIES & TRDG. LTD.,2
694,YUVRAJ INTERNATIONAL LTD.,2
695,ZENITH INFOTECH LTD.,2
696,ZODIAC CLOTHING CO. LTD.,2
697,ZORA PHARMA LTD. [MERGED],2
698,MUDUNURU LTD.,2
699,AUTOMOTIVE STAMPINGS & ASSEMBLIES LTD.,1
700,HITTCO TOOLS LTD.,2
701,HANUNG TOYS & TEXTILES LTD.,2
702,GLOBUS SPIRITS LTD.,1
